id,full_name,birthdate,gender,race,department,jobtitle,location,hire_date,termdate,location_city,location_state
00-0037846,Kimmy Walczynski,6/4/1991,M,Hispanic or Latino,Engineering,Programmer Analyst I,Headquarters,1/20/2002,,Cleveland,Ohio
00-0041533,Ignatius Springett,6/29/1984,M,White,Business Development,Business Analyst,Headquarters,4/8/2019,,Cleveland,Ohio
00-0045747,Corbie Bittlestone,7/29/1989,M,Black or African American,Sales,Solutions Engineer Manager,Headquarters,10/12/2010,,Cleveland,Ohio
00-0055274,Baxy Matton,9/14/1982,F,White,Services,Service Tech,Headquarters,4/10/2005,,Cleveland,Ohio
00-0076100,Terrell Suff,4/11/1994,F,Two or More Races,Product Management,Business Analyst,Remote,9/29/2010,2029-10-29 06:09:38 UTC,Flint,Michigan
00-0116166,Kacie Offiler,1/18/1971,M,Asian,Engineering,Developer III,Headquarters,9/1/2018,,Cleveland,Ohio
00-0363185,Sandro Admans,11/19/1979,M,Two or More Races,Product Management,Quality Engineer,Headquarters,11/8/2012,,Cleveland,Ohio
00-0380704,Eugene Lehrahan,10/14/1988,F,Black or African American,Engineering,Developer I,Headquarters,6/27/2007,,Cleveland,Ohio
00-0381660,Wainwright Corfield,12/13/1996,M,Asian,Engineering,Business Systems Development Analyst,Headquarters,2/20/2001,2008-12-05 01:21:48 UTC,Cleveland,Ohio
